City Name,Country,Latitude,Longitude,Humidity (%),Temperature (F),Max Temp (F),Cloudiness (%),Wind Speed (mph),Date
Sabang,ID,5.8933,95.3214,71,27.29,27.29,99,0.05,1970-01-01 00:00:01.634771567
Rikitea,PF,-23.1203,-134.9692,72,23.75,23.75,25,9.34,1970-01-01 00:00:01.634771567
Vaini,TO,-21.2,-175.2,78,27.09,27.09,20,4.63,1970-01-01 00:00:01.634771390
Avarua,CK,-21.2078,-159.775,65,25.03,25.03,75,3.09,1970-01-01 00:00:01.634771568
Broome,US,42.2506,-75.833,4,15.94,17.1,62,0.93,1970-01-01 00:00:01.634771568
Maragheh,IR,37.3917,46.2398,72,10.05,10.05,78,4.13,1970-01-01 00:00:01.634771569
South valley,US,35.0101,-106.6781,19,20.88,22.5,20,3.09,1970-01-01 00:00:01.634771569
Kapaa,US,22.0752,-159.319,64,27.58,28.99,1,1.34,1970-01-01 00:00:01.634771570
Paamiut,GL,61.994,-49.6678,58,2.23,2.23,0,1.43,1970-01-01 00:00:01.634771570
Samusu,,,,,,,,,
Illoqqortoormiut,,,,,,,,,
Carnarvon,AU,-24.8667,113.6333,65,19.66,19.66,90,5.76,1970-01-01 00:00:01.634771467
Jamestown,US,42.097,-79.2353,63,14.97,15.8,20,3.6,1970-01-01 00:00:01.634771571
Richards bay,ZA,-28.783,32.0377,71,17.36,17.36,1,4.76,1970-01-01 00:00:01.634771571
Qandala,SO,11.472,49.8728,43,26.47,26.47,63,0.95,1970-01-01 00:00:01.634771572
Hithadhoo,MV,-0.6,73.0833,76,27.27,27.27,100,4.62,1970-01-01 00:00:01.634771572
Karlskrona,SE,56.1616,15.5866,85,12.25,12.25,100,10.05,1970-01-01 00:00:01.634771572
Esperance,AU,-33.8667,121.9,76,15.12,15.12,10,8.13,1970-01-01 00:00:01.634771473
Ushuaia,AR,-54.8,-68.3,40,9.81,9.81,20,5.14,1970-01-01 00:00:01.634771573
Kulhudhuffushi,MV,6.6221,73.07,75,27.39,27.39,100,4.77,1970-01-01 00:00:01.634771573
Senador jose porfirio,BR,-2.5908,-51.9542,84,25.95,25.95,98,0.8,1970-01-01 00:00:01.634771574
Tsihombe,,,,,,,,,
Dunedin,NZ,-45.8742,170.5036,57,11.56,11.56,72,2.24,1970-01-01 00:00:01.634771574
Jose bonifacio,BR,-21.0528,-49.6883,65,20.17,20.17,7,6.59,1970-01-01 00:00:01.634771575
Buon me thuot,,,,,,,,,
Varna,BG,43.2167,27.9167,96,8.6,12.47,0,1.54,1970-01-01 00:00:01.634771575
Karamay,,,,,,,,,
Palauig,PH,15.435,119.9045,76,27.42,27.42,56,1.4,1970-01-01 00:00:01.634771576
Xinzhou,CN,38.4092,112.7333,49,2.75,2.75,0,1.34,1970-01-01 00:00:01.634771576
Hilo,US,19.7297,-155.09,67,26.08,26.85,40,5.14,1970-01-01 00:00:01.634771389
Santa cruz del norte,CU,23.1539,-81.9236,81,26.54,27.34,72,7.21,1970-01-01 00:00:01.634771577
Mataura,NZ,-46.1927,168.8643,51,11.06,11.06,98,1.11,1970-01-01 00:00:01.634771577
Barentsburg,,,,,,,,,
Nikolskoye,RU,59.7035,30.7861,90,12.2,12.94,100,7.75,1970-01-01 00:00:01.634771407
Springbok,ZA,-29.6643,17.8865,37,17.14,17.14,43,2.64,1970-01-01 00:00:01.634771578
Yellowknife,CA,62.456,-114.3525,81,6.14,6.34,80,5.81,1970-01-01 00:00:01.634771578
Tuktoyaktuk,CA,69.4541,-133.0374,79,-2.33,-2.33,95,3.2,1970-01-01 00:00:01.634771579
Puerto ayora,EC,-0.7393,-90.3518,81,21.67,21.67,96,5.43,1970-01-01 00:00:01.634771398
Busselton,AU,-33.65,115.3333,73,13.91,13.91,98,6.51,1970-01-01 00:00:01.634771392
Pasir mas,MY,6.0493,102.1399,94,23.65,23.65,100,1.44,1970-01-01 00:00:01.634771579
Amderma,,,,,,,,,
Bluff,NZ,-46.6,168.3333,56,9.3,9.3,100,1.53,1970-01-01 00:00:01.634771580
Ndele,CF,8.4109,20.6473,96,21.48,21.48,100,2.34,1970-01-01 00:00:01.634771581
Belushya guba,,,,,,,,,
Fairbanks,US,64.8378,-147.7164,63,2.42,4,40,2.57,1970-01-01 00:00:01.634771581
Brae,GB,60.3964,-1.353,63,4.95,4.95,97,16.3,1970-01-01 00:00:01.634771582
Evensk,RU,61.95,159.2333,71,-12.25,-12.25,91,4.07,1970-01-01 00:00:01.634771583
Oyama,JP,36.3,139.8,54,13.59,13.91,37,1.17,1970-01-01 00:00:01.634771583
Cape town,ZA,-33.9258,18.4232,73,16.15,17.27,98,1.34,1970-01-01 00:00:01.634771375
Souillac,MU,-20.5167,57.5167,83,22.98,22.98,20,3.58,1970-01-01 00:00:01.634771584
New norfolk,AU,-42.7826,147.0587,51,16.92,17.59,91,0.89,1970-01-01 00:00:01.634771584
Kushima,JP,31.4583,131.2333,70,16.26,16.26,100,2.34,1970-01-01 00:00:01.634771585
Castro,BR,-24.7911,-50.0119,94,11.11,11.11,59,3.43,1970-01-01 00:00:01.634771388
Prachuap khiri khan,TH,12.2167,99.75,95,26.49,26.49,91,1.04,1970-01-01 00:00:01.634771585
Hobart,AU,-42.8794,147.3294,56,17.04,17.79,94,3.58,1970-01-01 00:00:01.634771547
Kodiak,US,57.79,-152.4072,81,6.73,6.73,90,4.12,1970-01-01 00:00:01.634771586
Torbay,CA,47.6666,-52.7314,96,9.25,9.76,90,4.63,1970-01-01 00:00:01.634771586
Axim,GH,4.8699,-2.2405,88,25.33,25.33,77,3.75,1970-01-01 00:00:01.634771587
Plettenberg bay,ZA,-34.0527,23.3716,59,19.21,19.21,75,1.6,1970-01-01 00:00:01.634771517
Terra santa,BR,-2.1042,-56.4869,59,28.99,28.99,98,0.06,1970-01-01 00:00:01.634771472
Porto novo,BJ,6.4965,2.6036,88,25.47,25.47,98,1.96,1970-01-01 00:00:01.634771587
Ubatuba,BR,-23.4339,-45.0711,89,18.13,18.13,100,2.02,1970-01-01 00:00:01.634771588
Handwara,,,,,,,,,
Riyadh,SA,24.6877,46.7219,21,23.08,23.08,0,2.21,1970-01-01 00:00:01.634771425
Saldanha,ZA,-33.0117,17.9442,82,15.66,15.66,45,8.36,1970-01-01 00:00:01.634771588
Sanger,US,36.708,-119.556,30,24.18,26.5,75,1.54,1970-01-01 00:00:01.634771589
Albany,US,42.6001,-73.9662,68,16.32,19.23,68,2.18,1970-01-01 00:00:01.634771380
Punta arenas,CL,-53.15,-70.9167,53,9.01,9.06,20,5.66,1970-01-01 00:00:01.634771589
Saint george,US,37.1041,-113.5841,24,22.33,23.68,1,0.45,1970-01-01 00:00:01.634771332
Beisfjord,NO,68.3751,17.5988,88,-1.06,-0.42,100,4,1970-01-01 00:00:01.634771590
Port elizabeth,ZA,-33.918,25.5701,87,16.92,16.92,37,3.59,1970-01-01 00:00:01.634771352
Atuona,PF,-9.8,-139.0333,82,24.91,24.91,14,7.29,1970-01-01 00:00:01.634771590
Lompoc,US,34.6391,-120.4579,56,20.2,24.49,1,6.17,1970-01-01 00:00:01.634771591
Namibe,AO,-15.1961,12.1522,91,19.19,19.19,34,4.37,1970-01-01 00:00:01.634771591
Chokurdakh,RU,70.6333,147.9167,96,-26.86,-26.86,91,1.26,1970-01-01 00:00:01.634771396
Sidi ali,DZ,36.0998,0.4206,43,20.33,20.33,10,1.35,1970-01-01 00:00:01.634771592
Butaritari,KI,3.0707,172.7902,75,27.4,27.4,26,4.5,1970-01-01 00:00:01.634771592
Ngukurr,,,,,,,,,
Grand river south east,,,,,,,,,
Manaure,CO,11.7751,-72.4445,65,30.29,30.29,80,5.12,1970-01-01 00:00:01.634771593
Kaitangata,NZ,-46.2817,169.8464,53,10.97,10.97,99,1.37,1970-01-01 00:00:01.634771530
Cherskiy,RU,68.75,161.3,100,-20.48,-20.48,100,2.53,1970-01-01 00:00:01.634771593
Yerbogachen,RU,61.2767,108.0108,92,1.1,1.1,100,4.24,1970-01-01 00:00:01.634771594
Belaya gora,RU,68.5333,146.4167,96,-22.79,-22.79,61,1.14,1970-01-01 00:00:01.634771594
Wajima,JP,37.4,136.9,62,12.88,12.88,93,5.82,1970-01-01 00:00:01.634771595
Roald,NO,62.5833,6.1333,81,6.38,7.08,75,7.72,1970-01-01 00:00:01.634771595
Marhaura,IN,25.9667,84.8667,94,20.96,20.96,32,2.58,1970-01-01 00:00:01.634771595
Viedma,AR,-40.8135,-62.9967,47,16.76,16.76,0,7.71,1970-01-01 00:00:01.634771424
Saryg-sep,RU,51.5,95.6,60,-1.53,-1.53,0,1.55,1970-01-01 00:00:01.634771596
Date,JP,42.4681,140.8681,82,8.4,8.4,95,6.9,1970-01-01 00:00:01.634771596
Sokolo,ML,14.7328,-6.1219,24,28.53,28.53,79,2.7,1970-01-01 00:00:01.634771597
Barrow,US,71.2906,-156.7887,86,-1.99,-1.99,90,9.77,1970-01-01 00:00:01.634771597
Kaniama,CD,-7.5667,24.1833,95,19.1,19.1,95,1.45,1970-01-01 00:00:01.634771598
Rio grande,BR,-32.035,-52.0986,67,16.08,16.08,24,5.69,1970-01-01 00:00:01.634771546
Mount isa,AU,-20.7333,139.5,37,29.87,29.87,84,2.57,1970-01-01 00:00:01.634771598
Iranshahr,IR,27.2025,60.6848,37,24.69,24.69,0,0.87,1970-01-01 00:00:01.634771599
San policarpo,PH,12.1791,125.5072,80,27.53,27.53,88,1.86,1970-01-01 00:00:01.634771599
Ipixuna,BR,-1.7625,-48.8043,86,26.97,26.97,63,2.38,1970-01-01 00:00:01.634771599
Rio verde de mato grosso,BR,-18.9181,-54.8442,52,27.14,27.14,86,3.58,1970-01-01 00:00:01.634771600
Taolanaro,,,,,,,,,
Constitucion,CL,-35.3333,-72.4167,87,11.74,11.74,12,1.32,1970-01-01 00:00:01.634771600
Mar del plata,AR,-38.0023,-57.5575,43,15.78,16.72,0,2.68,1970-01-01 00:00:01.634771601
Wanxian,CN,30.8039,108.3897,89,12.17,12.17,100,1.63,1970-01-01 00:00:01.634771601
Attawapiskat,,,,,,,,,
Araouane,ML,18.9048,-3.5265,23,23.97,23.97,37,5.16,1970-01-01 00:00:01.634771601
Grafton,US,42.207,-71.6856,77,15.26,16.95,57,2.3,1970-01-01 00:00:01.634771538
Faya,SA,18.3851,42.4509,29,14.29,14.29,2,3.01,1970-01-01 00:00:01.634771602
Kampot,KH,10.6167,104.1833,91,25.03,25.03,94,1.58,1970-01-01 00:00:01.634771602
Cidreira,BR,-30.1811,-50.2056,67,17.43,17.43,95,7.39,1970-01-01 00:00:01.634771603
Bredasdorp,ZA,-34.5322,20.0403,98,16.27,16.27,87,2.19,1970-01-01 00:00:01.634771603
Pangnirtung,CA,66.1451,-65.7125,68,-2.23,-2.23,9,2.03,1970-01-01 00:00:01.634771604
Rock sound,BS,24.9,-76.2,71,27.13,27.13,71,9.67,1970-01-01 00:00:01.634771325
Port alfred,ZA,-33.5906,26.891,85,16.98,16.98,27,6.7,1970-01-01 00:00:01.634771604
Vila franca do campo,PT,37.7167,-25.4333,74,17.23,17.23,51,0.95,1970-01-01 00:00:01.634771604
Hermanus,ZA,-34.4187,19.2345,86,16.56,16.56,86,2.94,1970-01-01 00:00:01.634771605
Lorengau,PG,-2.0226,147.2712,70,29.04,29.04,72,3.3,1970-01-01 00:00:01.634771605
Sabha,LY,27.0377,14.4283,34,23.28,23.28,99,7.3,1970-01-01 00:00:01.634771606
Rungata,,,,,,,,,
Kamenskoye,,,,,,,,,
Kavieng,PG,-2.5744,150.7967,77,27.71,27.71,94,2.62,1970-01-01 00:00:01.634771606
Mehamn,NO,71.0357,27.8492,60,1.37,1.37,100,11.19,1970-01-01 00:00:01.634771607
Hasaki,JP,35.7333,140.8333,54,12.22,12.94,99,6.36,1970-01-01 00:00:01.634771607
Marang,MY,5.2056,103.2059,85,25.4,25.4,100,1.85,1970-01-01 00:00:01.634771607
Sitka,US,57.0531,-135.33,58,11.94,11.94,90,7.72,1970-01-01 00:00:01.634771399
Dikson,RU,73.5069,80.5464,59,-2.26,-2.26,90,5.72,1970-01-01 00:00:01.634771429
Mariental,NA,-24.6333,17.9667,65,19.23,19.23,44,7.49,1970-01-01 00:00:01.634771608
Gandajika,CD,-6.75,23.95,95,19.74,19.74,94,1.55,1970-01-01 00:00:01.634771609
Moron,AR,-34.6534,-58.6198,73,20.01,21.12,24,2.68,1970-01-01 00:00:01.634771466
Naron,ES,43.5167,-8.1528,82,15.21,16.12,93,2.65,1970-01-01 00:00:01.634771609
Miri,MY,4.4148,114.0089,95,23.89,23.89,72,2.13,1970-01-01 00:00:01.634771609
El alto,PE,-4.2714,-81.2147,82,16.81,16.81,40,7.01,1970-01-01 00:00:01.634771610
Sakakah,SA,29.9697,40.2064,38,20.77,20.77,3,2.04,1970-01-01 00:00:01.634771610
Sarangani,PH,5.4033,125.4636,73,27.8,27.8,100,1.19,1970-01-01 00:00:01.634771611
Saskylakh,RU,71.9167,114.0833,98,-11.97,-11.97,99,2.49,1970-01-01 00:00:01.634771611
Kruisfontein,ZA,-34.0033,24.7314,71,15.67,15.67,48,1.16,1970-01-01 00:00:01.634771384
Dagda,LV,56.0951,27.5372,79,12.89,12.89,100,7.59,1970-01-01 00:00:01.634771612
Ribeira grande,PT,38.5167,-28.7,62,21.23,21.23,75,2.14,1970-01-01 00:00:01.634771416
Marzuq,YE,14.4,46.4667,56,22.91,22.91,75,0.6,1970-01-01 00:00:01.634771612
Nanortalik,GL,60.1432,-45.2371,69,2.75,2.75,1,1.18,1970-01-01 00:00:01.634771613
Kyrksaeterora,NO,63.2906,9.0891,80,7.01,7.05,100,8.75,1970-01-01 00:00:01.634771613
Alofi,NU,-19.0595,-169.9187,66,24.26,24.26,68,7.97,1970-01-01 00:00:01.634771419
Dukat,RU,62.55,155.55,94,-20.56,-20.56,24,1.54,1970-01-01 00:00:01.634771613
Muros,ES,42.7762,-9.0603,94,14.53,16.8,74,2.66,1970-01-01 00:00:01.634771614
Fortuna,US,40.5982,-124.1573,67,17.42,18.19,1,0.89,1970-01-01 00:00:01.634771557
Aripuana,BR,-9.1667,-60.6333,72,26.21,26.21,78,0.53,1970-01-01 00:00:01.634771614
Shubarkuduk,KZ,49.1447,56.4872,73,1.65,1.65,91,6.86,1970-01-01 00:00:01.634771615
Kadykchan,,,,,,,,,
Vila velha,BR,-20.3297,-40.2925,88,18.97,18.97,75,4.12,1970-01-01 00:00:01.634771615
Agirish,RU,61.9247,63.0231,89,-2.09,-2.09,28,2.13,1970-01-01 00:00:01.634771616
Palabuhanratu,,,,,,,,,
Terrenate,MX,19.4833,-97.9167,72,16.92,16.92,93,2.23,1970-01-01 00:00:01.634771616
Havre-saint-pierre,CA,50.2334,-63.5986,79,8.32,8.32,100,3.07,1970-01-01 00:00:01.634771617
Heron,BE,50.5473,5.0977,83,15.57,16.21,100,11.54,1970-01-01 00:00:01.634771617
Vanimo,PG,-2.6741,141.3028,92,24.81,24.81,100,0.91,1970-01-01 00:00:01.634771467
Warqla,,,,,,,,,
Iracoubo,GF,5.4802,-53.2011,78,26.91,26.91,38,4.15,1970-01-01 00:00:01.634771618
Faanui,PF,-16.4833,-151.75,80,25.75,25.75,14,3,1970-01-01 00:00:01.634771618
Payakumbuh,ID,-0.2202,100.6308,97,20.61,20.61,99,1.11,1970-01-01 00:00:01.634771618
Fukue,JP,32.6881,128.8419,80,15.15,15.15,100,1.46,1970-01-01 00:00:01.634771619
Hamilton,US,39.1834,-84.5333,63,18.68,19.91,20,3.6,1970-01-01 00:00:01.634771619
Viransehir,TR,37.2353,39.7631,30,16.87,16.87,0,2.97,1970-01-01 00:00:01.634771620
Poum,NC,-20.2333,164.0167,86,20.7,20.7,100,1.85,1970-01-01 00:00:01.634771620
Murray bridge,AU,-35.1167,139.2667,54,17.4,19.14,84,2.38,1970-01-01 00:00:01.634771620
Hargeysa,SO,9.56,44.065,41,20.62,20.62,56,2.62,1970-01-01 00:00:01.634771621
Chuy,UY,-33.6971,-53.4616,69,14.57,14.57,58,4.13,1970-01-01 00:00:01.634771621
Pitimbu,BR,-7.4706,-34.8086,81,27.33,27.33,9,4.98,1970-01-01 00:00:01.634771621
Oksfjord,NO,70.2396,22.3479,90,-2.43,-1.49,100,5.15,1970-01-01 00:00:01.634771622
Aykhal,RU,66,111.5,98,1.77,1.77,100,10.03,1970-01-01 00:00:01.634771622
Ponta do sol,PT,32.6667,-17.1,78,22.37,23.35,100,2.91,1970-01-01 00:00:01.634771383
Sarakhs,IR,36.5449,61.1577,51,13.99,13.99,29,4.54,1970-01-01 00:00:01.634771623
Skagastrond,,,,,,,,,
Naze,JP,28.3667,129.4833,82,17.51,17.51,100,5.27,1970-01-01 00:00:01.634771518
Hilton head island,US,32.2163,-80.7526,71,20.51,22.77,1,2.57,1970-01-01 00:00:01.634771461
Richmond,US,37.5538,-77.4603,74,16.6,19.43,1,2.06,1970-01-01 00:00:01.634771367
Rawson,AR,-43.3002,-65.1023,33,21.63,21.63,20,12.54,1970-01-01 00:00:01.634771624
Voznesenye,RU,61.0106,35.4781,88,3.91,3.91,100,7.25,1970-01-01 00:00:01.634771624
Tiksi,RU,71.6872,128.8694,94,-11.71,-11.71,100,2.41,1970-01-01 00:00:01.634771624
Monze,ZM,-16.2833,27.4833,61,19.17,19.17,13,3.43,1970-01-01 00:00:01.634771625
Batemans bay,AU,-35.7167,150.1833,75,18.05,21.22,95,2.04,1970-01-01 00:00:01.634771625
Barcelos,PT,41.5388,-8.6151,94,17.17,17.69,46,1.69,1970-01-01 00:00:01.634771512
Bardiyah,LY,31.7561,25.0865,71,19.69,19.69,27,2.54,1970-01-01 00:00:01.634771626
Victoria,HK,22.2855,114.1577,87,25.77,26.29,88,0.45,1970-01-01 00:00:01.634771483
Vasilyevskiy mokh,RU,57.0132,35.919,100,6.01,6.01,100,7.27,1970-01-01 00:00:01.634771626
Baculin,PH,7.4525,126.5842,76,27.38,27.38,100,1.91,1970-01-01 00:00:01.634771627
Te anau,NZ,-45.4167,167.7167,71,9.13,9.13,72,1.11,1970-01-01 00:00:01.634771443
Thompson,CA,55.7435,-97.8558,64,1,1,56,2.64,1970-01-01 00:00:01.634771466
Talnakh,RU,69.4865,88.3972,95,-2.53,-2.53,100,5.99,1970-01-01 00:00:01.634771627
Durres,AL,41.3231,19.4414,74,11.1,11.1,0,2.69,1970-01-01 00:00:01.634771628
Maragogi,BR,-9.0122,-35.2225,87,25.07,25.07,10,3.82,1970-01-01 00:00:01.634771628
Kraslava,LV,55.8951,27.168,76,13.54,13.54,100,7.48,1970-01-01 00:00:01.634771629
Develi,TR,38.3906,35.4922,58,-0.36,-0.36,2,0.66,1970-01-01 00:00:01.634771629
Grand gaube,MU,-20.0064,57.6608,75,22.99,22.99,53,1.34,1970-01-01 00:00:01.634771629
Batsfjord,NO,70.6345,29.7185,77,0.02,0.02,100,9.87,1970-01-01 00:00:01.634771630
Szekesfehervar,HU,47.1899,18.4103,65,13.2,15.08,97,7.64,1970-01-01 00:00:01.634771630
Nena,PH,11.7658,125.4178,92,25.83,25.83,87,1.44,1970-01-01 00:00:01.634771630
Santa eulalia,PE,-11.85,-76.6833,71,1.08,1.38,100,1.66,1970-01-01 00:00:01.634771631
Qaanaaq,GL,77.484,-69.3632,93,-8.7,-8.7,83,0.69,1970-01-01 00:00:01.634771631
Isangel,VU,-19.55,169.2667,87,24.53,24.53,100,6.58,1970-01-01 00:00:01.634771632
Nam som,TH,17.7704,102.1895,93,25.01,25.01,63,0.61,1970-01-01 00:00:01.634771632
Georgetown,MY,5.4112,100.3354,95,24.41,24.97,20,0.45,1970-01-01 00:00:01.634771487
Mount gambier,AU,-37.8333,140.7667,66,17.56,17.56,55,3.04,1970-01-01 00:00:01.634771410
Ostrovnoy,RU,68.0531,39.5131,73,0.07,0.07,100,7.44,1970-01-01 00:00:01.634771633
Sao joao da barra,BR,-21.6403,-41.0511,93,18.53,18.53,100,5.4,1970-01-01 00:00:01.634771633
Sahrak,,,,,,,,,
Chernyshevskiy,RU,63.0128,112.4714,97,1.83,1.83,100,4.78,1970-01-01 00:00:01.634771634
Nizhnedevitsk,RU,51.5419,38.3657,49,5.03,5.03,100,9.18,1970-01-01 00:00:01.634771634
Auxerre,FR,47.8,3.5667,77,14.23,17.92,100,12.69,1970-01-01 00:00:01.634771634
Pilao arcado,,,,,,,,,
Dingle,PH,10.9995,122.6711,89,25.96,25.96,66,2.06,1970-01-01 00:00:01.634771635
Korla,CN,41.7597,86.1469,28,10.62,10.62,23,0.26,1970-01-01 00:00:01.634771635
Tilichiki,RU,60.4667,166.1,81,-11.49,-11.49,95,2.69,1970-01-01 00:00:01.634771636
Nizhneyansk,,,,,,,,,
Lerwick,GB,60.1545,-1.1494,64,5,5,95,16.3,1970-01-01 00:00:01.634771636
Karpogory,RU,64.0019,44.4451,70,-0.85,-0.85,100,6.01,1970-01-01 00:00:01.634771637
Baruun-urt,MN,46.6806,113.2792,76,-1.98,-1.98,5,2.87,1970-01-01 00:00:01.634771637
Severo-kurilsk,RU,50.6789,156.125,63,2.26,2.26,81,10.24,1970-01-01 00:00:01.634771637
Mizur,RU,42.8531,44.0531,87,-2.43,-2.11,43,1.85,1970-01-01 00:00:01.634771638
Fort nelson,CA,58.8053,-122.7002,68,8.01,8.01,8,1.92,1970-01-01 00:00:01.634771476
Artyk,,,,,,,,,
Bahile,PH,9.9995,118.7878,80,25.7,25.7,81,0.37,1970-01-01 00:00:01.634771638
Roma,US,43.2128,-75.4557,69,16.45,17.75,75,1.54,1970-01-01 00:00:01.634771639
Payo,ID,-3.7508,103.6372,99,22.14,22.14,100,0.47,1970-01-01 00:00:01.634771639
Sibay,RU,52.7181,58.6658,78,-0.66,-0.66,95,7,1970-01-01 00:00:01.634771640
Shache,CN,38.4167,77.2406,25,10.77,10.77,62,0.97,1970-01-01 00:00:01.634771640
Khatanga,RU,71.9667,102.5,97,-4.19,-4.19,100,2.37,1970-01-01 00:00:01.634771640
Takaungu,KE,-3.6837,39.8566,86,24.02,24.02,63,4.94,1970-01-01 00:00:01.634771641
Gorontalo,ID,0.5412,123.0595,83,26.59,26.59,81,1.26,1970-01-01 00:00:01.634771642
Vao,NC,-22.6667,167.4833,94,21.11,21.11,100,5.78,1970-01-01 00:00:01.634771642
Peniche,PT,39.3558,-9.3811,94,18,19.23,3,4.09,1970-01-01 00:00:01.634771643
Lishu,CN,43.3047,124.3278,54,2.45,2.45,6,0.79,1970-01-01 00:00:01.634771643
Kishi,NG,9.0833,3.85,92,22.05,22.05,92,2,1970-01-01 00:00:01.634771644
Aiken,US,33.5835,-81.5998,68,19.78,23.39,1,0,1970-01-01 00:00:01.634771403
Norman wells,CA,65.282,-126.8329,83,0.64,0.64,99,1.71,1970-01-01 00:00:01.634771644
East london,ZA,-33.0153,27.9116,84,16.94,16.94,51,6.1,1970-01-01 00:00:01.634771644
Cayenne,GF,4.9333,-52.3333,79,28.38,28.38,0,0.89,1970-01-01 00:00:01.634771530
Cabo san lucas,MX,22.8909,-109.9124,61,29.56,31.45,20,6.17,1970-01-01 00:00:01.634771548
Dzhebariki-khaya,RU,62.2167,135.8,95,-5.78,-5.78,100,0.75,1970-01-01 00:00:01.634771645
Halalo,,,,,,,,,
Zhigansk,RU,66.7697,123.3711,92,-6.85,-6.85,86,3.95,1970-01-01 00:00:01.634771646
Iqaluit,CA,63.7506,-68.5145,85,-0.17,-0.17,28,0.67,1970-01-01 00:00:01.634771646
Doume,CM,4.2333,13.45,100,19.4,19.4,97,1.17,1970-01-01 00:00:01.634771647
Shelburne,CA,44.0787,-80.2041,73,13.68,14.82,67,4,1970-01-01 00:00:01.634771384
Dhidhdhoo,MV,6.8833,73.1,76,27.44,27.44,100,4.73,1970-01-01 00:00:01.634771647
Kambove,CD,-10.8764,26.5969,46,21.45,21.45,97,1.8,1970-01-01 00:00:01.634771648
Visby,SE,57.6409,18.296,87,12.12,12.25,75,10.29,1970-01-01 00:00:01.634771648
Tubruq,,,,,,,,,
Adrar,MR,20.5022,-10.0711,19,25.02,25.02,5,5.19,1970-01-01 00:00:01.634771649
San quintin,MX,30.4833,-115.95,66,19.53,19.53,0,6.51,1970-01-01 00:00:01.634771649
Abonnema,NG,4.7084,6.7931,87,24.43,24.43,100,1.02,1970-01-01 00:00:01.634771650
Lebu,CL,-37.6167,-73.65,84,12.45,12.45,79,2.78,1970-01-01 00:00:01.634771414
Viligili,,,,,,,,,
Tasiilaq,GL,65.6145,-37.6368,46,-0.17,-0.17,63,4.71,1970-01-01 00:00:01.634771650
Umzimvubu,,,,,,,,,
Mys shmidta,,,,,,,,,
Ancud,CL,-41.8697,-73.8203,93,11.74,11.9,100,3.94,1970-01-01 00:00:01.634771651
Tuatapere,NZ,-46.1333,167.6833,55,11.17,11.17,93,1.51,1970-01-01 00:00:01.634771652
Bathsheba,BB,13.2167,-59.5167,78,28.34,28.34,40,9.77,1970-01-01 00:00:01.634771652
Nouadhibou,MR,20.931,-17.0347,66,22.34,22.34,0,6.79,1970-01-01 00:00:01.634771652
Ilulissat,GL,69.2167,-51.1,68,-2.99,-2.99,100,1.03,1970-01-01 00:00:01.634771423
Tungkang,,,,,,,,,
Kahului,US,20.8947,-156.47,64,27.58,29.01,20,8.23,1970-01-01 00:00:01.634771653
Kindu,CD,-2.95,25.95,100,20.78,20.78,100,1.14,1970-01-01 00:00:01.634771654
Strezhevoy,RU,60.7333,77.5889,84,-0.01,-0.01,100,2.82,1970-01-01 00:00:01.634771654
Yar-sale,RU,66.8333,70.8333,85,-1.97,-1.97,89,2.76,1970-01-01 00:00:01.634771654
Vila do maio,CV,15.1333,-23.2167,75,27.44,27.44,2,8.54,1970-01-01 00:00:01.634771655
Nhulunbuy,AU,-12.2333,136.7667,66,30.34,30.34,75,5.14,1970-01-01 00:00:01.634771418
Pervomayskoye,RU,43.919,46.7102,46,5.13,5.13,2,2.33,1970-01-01 00:00:01.634771655
Aswan,EG,24.0934,32.907,36,23.87,23.87,0,7.91,1970-01-01 00:00:01.634771180
Lasa,IT,46.6166,10.7002,89,9.25,11.41,92,2.48,1970-01-01 00:00:01.634771656
Airai,TL,-8.9266,125.4092,54,21.12,21.12,98,0.32,1970-01-01 00:00:01.634771440
Praia,CV,14.9215,-23.5087,54,27.3,27.3,0,8.75,1970-01-01 00:00:01.634771656
Tiznit,MA,29.5833,-9.5,32,22.69,22.69,43,1.82,1970-01-01 00:00:01.634771657
Novoagansk,RU,61.9449,76.6625,89,4.08,4.08,100,3.41,1970-01-01 00:00:01.634771657
Upington,ZA,-28.4478,21.2561,79,18.86,18.86,100,2.02,1970-01-01 00:00:01.634771658
Suleja,NG,9.1758,7.1808,93,22.73,22.73,100,1.1,1970-01-01 00:00:01.634771658
Progreso,MX,21.2833,-89.6667,80,25.62,25.62,91,6.31,1970-01-01 00:00:01.634771659
Bengkulu,ID,-3.8004,102.2655,89,23.45,23.45,94,1.66,1970-01-01 00:00:01.634771659
Jazzin,,,,,,,,,
Smithers,CA,54.7804,-127.1743,87,6.18,6.18,90,2.06,1970-01-01 00:00:01.634771659
Bemidji,US,47.4736,-94.8803,58,6.45,7.73,75,5.66,1970-01-01 00:00:01.634771660
Longyearbyen,SJ,78.2186,15.6401,67,-11.09,-11.09,0,3.6,1970-01-01 00:00:01.634771390
Troitskoye,RU,52.9821,84.6757,57,5.15,5.15,77,3.49,1970-01-01 00:00:01.634771660
Pechenga,RU,69.5259,31.1703,93,-2.52,-2.52,100,10.69,1970-01-01 00:00:01.634771661
Prestea,GH,5.4327,-2.1428,97,23.34,23.34,99,1.13,1970-01-01 00:00:01.634771661
Mahebourg,MU,-20.4081,57.7,81,22.92,22.92,60,3.72,1970-01-01 00:00:01.634771662
Altay,CN,47.8667,88.1167,39,4.63,4.63,0,4.4,1970-01-01 00:00:01.634771662
Kuah,MY,6.3265,99.8432,81,26.73,26.73,92,6.85,1970-01-01 00:00:01.634771662
Abha,SA,18.2164,42.5053,23,14.14,14.14,0,0,1970-01-01 00:00:01.634771663
Saint-philippe,RE,-21.3585,55.7679,79,21.06,21.77,41,4.63,1970-01-01 00:00:01.634771663
Vardo,NO,70.3705,31.1107,72,1.43,1.43,100,11.71,1970-01-01 00:00:01.634771663
Eirunepe,BR,-6.6603,-69.8736,96,23.59,23.59,88,1.25,1970-01-01 00:00:01.634771664
Tezu,IN,27.9167,96.1667,99,22.32,22.32,100,0.61,1970-01-01 00:00:01.634771664
Solwezi,ZM,-12.1688,26.3894,48,21.32,21.32,97,3.7,1970-01-01 00:00:01.634771664
El faiyum,,,,,,,,,
Barkot,IN,30.8167,78.2,74,15.02,15.02,0,1.95,1970-01-01 00:00:01.634771665
La orilla,MX,17.9833,-102.2333,77,28.45,28.45,99,2.11,1970-01-01 00:00:01.634771665
Anakapalle,IN,17.6833,83.0167,90,26.97,26.97,58,0.93,1970-01-01 00:00:01.634771666
Boddam,GB,57.4667,-1.7833,70,3.54,4.51,87,12.85,1970-01-01 00:00:01.634771666
Seymchan,RU,62.8833,152.4333,63,-18.06,-18.06,9,1.17,1970-01-01 00:00:01.634771667
Zhangye,CN,38.9342,100.4517,42,4.53,4.53,1,1.57,1970-01-01 00:00:01.634771667
Galiwinku,,,,,,,,,
Ganzhou,CN,28.8184,115.4327,92,11.23,11.23,100,1.89,1970-01-01 00:00:01.634771667
Oktyabrsk,KZ,49.4744,57.4233,69,1.1,1.1,79,7.65,1970-01-01 00:00:01.634771668
Ambilobe,MG,-13.2,49.05,84,20.8,20.8,62,1.44,1970-01-01 00:00:01.634771668
Itarema,BR,-2.9248,-39.9167,79,26.73,26.73,100,4.95,1970-01-01 00:00:01.634771669
Qianan,CN,44.9932,124.0581,56,1.99,1.99,8,1.16,1970-01-01 00:00:01.634771669
Manicore,BR,-5.8092,-61.3003,71,27.5,27.5,75,0.88,1970-01-01 00:00:01.634771670
Beyneu,KZ,45.3167,55.2,60,5.25,5.25,50,5.63,1970-01-01 00:00:01.634771670
Guerrero negro,MX,27.9769,-114.0611,62,21.06,21.06,61,5.74,1970-01-01 00:00:01.634771670
Lata,PT,40.1629,-8.3327,98,15.46,16.56,21,0.56,1970-01-01 00:00:01.634771464
Tonantins,BR,-2.8731,-67.8022,95,24.06,24.06,97,1.03,1970-01-01 00:00:01.634771671
Olga,RU,43.7444,135.2892,55,0.98,0.98,9,2.88,1970-01-01 00:00:01.634771671
Shimoda,JP,34.6667,138.95,62,15.06,15.06,99,5.55,1970-01-01 00:00:01.634771398
Upernavik,GL,72.7868,-56.1549,99,0.37,0.37,100,4.24,1970-01-01 00:00:01.634771672
Gornoye loo,RU,43.7129,39.6049,68,6.88,6.88,2,2.48,1970-01-01 00:00:01.634771672
Umm lajj,SA,25.0213,37.2685,67,25.78,25.78,0,5.91,1970-01-01 00:00:01.634771673
Point pleasant,US,40.0832,-74.0682,60,19.41,22.99,1,0.89,1970-01-01 00:00:01.634771673
Calderitas,MX,18.55,-88.25,100,24.06,24.06,90,0,1970-01-01 00:00:01.634771674
Sentyabrskiy,,,,,,,,,
Xuzhou,CN,34.1805,117.1571,80,11.03,11.03,100,1.59,1970-01-01 00:00:01.634771674
Ahipara,NZ,-35.1667,173.1667,91,16.38,16.38,100,4.86,1970-01-01 00:00:01.634771485
Bethel,US,41.3712,-73.414,73,17.18,20.17,1,2.57,1970-01-01 00:00:01.634771675
Half moon bay,US,37.4636,-122.4286,79,17.62,20.95,90,0.89,1970-01-01 00:00:01.634771675
Eydhafushi,MV,5.1033,73.0708,71,27.45,27.45,70,5.39,1970-01-01 00:00:01.634771676
Oranjemund,NA,-28.55,16.4333,79,14.99,14.99,56,2.42,1970-01-01 00:00:01.634771676
San ramon,US,37.7799,-121.978,71,17.46,19.82,90,0.89,1970-01-01 00:00:01.634771677
Rey bouba,CM,8.6724,14.1786,95,23,23,100,2.12,1970-01-01 00:00:01.634771677
Hofn,IS,64.2539,-15.2082,53,1.86,1.86,8,3.08,1970-01-01 00:00:01.634771678
Ramasukha,,,,,,,,,
Haines junction,CA,60.7522,-137.5108,66,2.72,2.72,43,0.23,1970-01-01 00:00:01.634771427
Honningsvag,NO,70.9821,25.9704,61,2.15,2.15,100,13.29,1970-01-01 00:00:01.634771679
Mentok,,,,,,,,,
Thabazimbi,ZA,-24.5917,27.4116,59,16.26,16.26,67,2.11,1970-01-01 00:00:01.634771679
Kem,RU,64.9555,34.5793,96,-0.18,-0.18,100,8.7,1970-01-01 00:00:01.634771680
Huazolotitlan,,,,,,,,,
Arraial do cabo,BR,-22.9661,-42.0278,82,18.19,18.19,100,4.79,1970-01-01 00:00:01.634771680
Kavaratti,IN,10.5669,72.642,74,27.65,27.65,98,5.09,1970-01-01 00:00:01.634771681
Luwuk,ID,-0.9516,122.7875,69,27.65,27.65,82,0.74,1970-01-01 00:00:01.634771681
Kralendijk,BQ,12.15,-68.2667,76,28.78,28.78,23,8.52,1970-01-01 00:00:01.634771681
Bac lieu,VN,9.285,105.7244,95,23.81,23.81,100,2.8,1970-01-01 00:00:01.634771682
Monte alegre,BR,-2.0078,-54.0692,66,27.66,27.66,53,1.07,1970-01-01 00:00:01.634771682
Mitu,CO,1.1983,-70.1733,97,22.95,22.95,100,0.95,1970-01-01 00:00:01.634771682
Cururupu,BR,-1.8283,-44.8683,85,24.75,24.75,20,1.49,1970-01-01 00:00:01.634771683
Borujan,,,,,,,,,
Lazaro cardenas,MX,17.9583,-102.2,77,28.6,28.6,96,2.15,1970-01-01 00:00:01.634771684
Kudahuvadhoo,MV,2.6708,72.8944,68,28.06,28.06,58,5.24,1970-01-01 00:00:01.634771437
Taoudenni,ML,22.6783,-3.9836,23,24.35,24.35,0,5.44,1970-01-01 00:00:01.634771684
Rochegda,RU,62.8,43.25,79,-0.5,-0.5,100,6.08,1970-01-01 00:00:01.634771685
Aflu,,,,,,,,,
Butembo,CD,0.15,29.2833,98,14.96,14.96,100,1.02,1970-01-01 00:00:01.634771685
Dicabisagan,PH,17.0818,122.4157,82,26.21,26.21,61,0.94,1970-01-01 00:00:01.634771432
Nazas,MX,25.2333,-104.1333,30,29.17,29.17,1,3.29,1970-01-01 00:00:01.634771686
Labuhan,ID,-6.8844,112.2051,81,26.34,26.34,63,3.02,1970-01-01 00:00:01.634771686
Chapais,CA,49.7834,-74.8492,96,3.88,3.88,100,3.67,1970-01-01 00:00:01.634771687
Padang,ID,-0.9492,100.3543,90,24.2,24.2,100,1.43,1970-01-01 00:00:01.634771687
Nampula,MZ,-15.1165,39.2666,86,19.05,19.05,45,2.79,1970-01-01 00:00:01.634771687
Rapu-rapu,PH,13.1866,124.1256,79,27.92,27.92,83,2.91,1970-01-01 00:00:01.634771688
Port lincoln,AU,-34.7333,135.8667,75,17.34,17.34,68,5.31,1970-01-01 00:00:01.634771688
Yunjinghong,,,,,,,,,
Batagay,RU,67.6333,134.6333,97,-13.5,-13.5,99,1.24,1970-01-01 00:00:01.634771689
Shaunavon,CA,49.6501,-108.4181,37,7.41,7.41,14,7.75,1970-01-01 00:00:01.634771689
Mackay,AU,-21.15,149.2,72,26.49,26.49,57,5.53,1970-01-01 00:00:01.634771690
Konce,MK,41.4958,22.385,93,7.05,7.05,0,2.1,1970-01-01 00:00:01.634771690
Jieshi,CN,22.8134,115.8257,86,25.53,25.53,96,3,1970-01-01 00:00:01.634771691
Cabedelo,BR,-6.9811,-34.8339,79,27.37,27.37,11,5.26,1970-01-01 00:00:01.634771691
Clyde river,CA,70.4692,-68.5914,92,-3.56,-3.56,100,3.78,1970-01-01 00:00:01.634771692
Antofagasta,CL,-23.65,-70.4,76,14.6,14.6,16,3.32,1970-01-01 00:00:01.634771548
La plata,AR,-34.9215,-57.9545,80,18.06,20.55,0,5.14,1970-01-01 00:00:01.634771692
San luis,AR,-33.295,-66.3356,26,22.4,22.4,4,4.05,1970-01-01 00:00:01.634771692
San patricio,US,28.017,-97.5169,58,27.73,30.05,24,4.47,1970-01-01 00:00:01.634771693
Yandyki,RU,45.7691,47.1258,57,4.86,4.86,5,2.98,1970-01-01 00:00:01.634771693
San cristobal,VE,7.7669,-72.225,86,22.1,22.1,14,0.84,1970-01-01 00:00:01.634771502
Muswellbrook,AU,-32.2667,150.9,67,18.21,18.21,63,4.43,1970-01-01 00:00:01.634771694
Hay river,CA,60.8156,-115.7999,62,6.43,6.43,15,4.36,1970-01-01 00:00:01.634771694
Celestun,MX,20.8667,-90.4,81,27.15,27.15,78,4.99,1970-01-01 00:00:01.634771695
Grand centre,,,,,,,,,
Nishihara,JP,26.1842,127.7558,74,24.28,24.6,90,1.54,1970-01-01 00:00:01.634771695
Bonfim,BR,3.0833,-59.95,62,29.07,29.07,84,2,1970-01-01 00:00:01.634771696
Harper,LR,4.375,-7.7169,86,25.55,25.55,60,3.89,1970-01-01 00:00:01.634771524
Kysyl-syr,RU,63.8986,122.7617,98,-5.52,-5.52,89,2.02,1970-01-01 00:00:01.634771696
Noumea,NC,-22.2763,166.4572,96,21.99,21.99,100,2.11,1970-01-01 00:00:01.634771403
Thinadhoo,MV,0.5333,72.9333,76,27.41,27.41,72,4.6,1970-01-01 00:00:01.634771697
Portland,US,45.5234,-122.6762,68,16.02,17.99,75,0.45,1970-01-01 00:00:01.634771675
Buala,SB,-8.145,159.5921,68,29.5,29.5,58,2.68,1970-01-01 00:00:01.634771697
Ramanagaram,IN,12.7167,77.3,93,21.28,21.28,98,1.72,1970-01-01 00:00:01.634771697
Mananjary,MG,-21.2167,48.3333,87,21.57,21.57,50,3.69,1970-01-01 00:00:01.634771698
Komsomolskiy,UZ,40.4272,71.7189,44,13.4,13.4,97,4.12,1970-01-01 00:00:01.634771698
Sandpoint,US,48.2766,-116.5533,88,10.46,13.64,100,0,1970-01-01 00:00:01.634771668
Sao jose da coroa grande,BR,-8.8978,-35.1478,85,25.33,25.33,9,4.01,1970-01-01 00:00:01.634771460
Karamea,,,,,,,,,
Soyo,AO,-6.1349,12.3689,83,24.14,24.14,50,2.71,1970-01-01 00:00:01.634771699
Lavrentiya,RU,65.5833,-171,98,-0.21,-0.21,99,3.07,1970-01-01 00:00:01.634771699
Canutama,BR,-6.5339,-64.3831,70,27.58,27.58,93,0.76,1970-01-01 00:00:01.634771700
Belgrade,RS,44.804,20.4651,64,12.72,13.81,0,0.45,1970-01-01 00:00:01.634771666
Tefe,BR,-3.3542,-64.7114,100,25.06,25.06,40,2.06,1970-01-01 00:00:01.634771700
Sinjah,,,,,,,,,
Vaitupu,,,,,,,,,
Ilek,RU,51.5271,53.3831,82,0.09,0.09,12,4.04,1970-01-01 00:00:01.634771701
Kendari,ID,-3.945,122.4989,86,25.98,25.98,71,0.96,1970-01-01 00:00:01.634771702
Ewa beach,US,21.3156,-158.0072,42,28.92,28.97,1,5.36,1970-01-01 00:00:01.634771703
Toliary,,,,,,,,,
Kuala lipis,MY,4.1842,102.0468,99,22.4,22.4,99,0.09,1970-01-01 00:00:01.634771704
Omboue,GA,-1.5746,9.2618,87,24.42,24.42,98,2.39,1970-01-01 00:00:01.634771705
San matias,BO,-16.3667,-58.4,37,30.08,30.08,62,1.5,1970-01-01 00:00:01.634771706
Zaruma,EC,-3.6833,-79.6167,97,19.08,19.08,87,1.37,1970-01-01 00:00:01.634771706
Surt,LY,31.2089,16.5887,72,21.85,21.85,50,4.36,1970-01-01 00:00:01.634771707
Barentu,ER,15.1139,37.5928,46,24.09,24.09,21,2.44,1970-01-01 00:00:01.634771707
Afmadu,,,,,,,,,
Coihaique,CL,-45.5752,-72.0662,57,9.97,9.97,40,1.54,1970-01-01 00:00:01.634771642
Coquimbo,CL,-29.9533,-71.3436,82,13.85,13.85,20,4.63,1970-01-01 00:00:01.634771645
Bukachacha,RU,52.9833,116.9167,94,-5.45,-5.45,18,1.3,1970-01-01 00:00:01.634771708
Luderitz,NA,-26.6481,15.1594,87,12.99,12.99,44,4.96,1970-01-01 00:00:01.634771709
Taltal,CL,-25.4,-70.4833,75,15.61,15.61,22,2.31,1970-01-01 00:00:01.634771709
Saint-augustin,CA,51.226,-58.6502,84,7.49,7.49,100,5.8,1970-01-01 00:00:01.634771710
Husavik,IS,66.0449,-17.3389,73,-4.05,-4.05,66,6.18,1970-01-01 00:00:01.634771710
Valparaiso,CL,-33.0393,-71.6273,72,14.75,14.8,75,3.09,1970-01-01 00:00:01.634771711
Chabahar,IR,25.2919,60.643,78,25.67,25.67,10,2.4,1970-01-01 00:00:01.634771711
Ixtapa,MX,20.7,-105.2,66,30.57,30.57,75,3.6,1970-01-01 00:00:01.634771711
Jumla,NP,29.2747,82.1838,88,10.56,10.56,38,1.22,1970-01-01 00:00:01.634771712
Zyryanovsk,KZ,49.7386,84.2719,47,3.67,3.67,28,0.94,1970-01-01 00:00:01.634771712
West wendover,US,40.7391,-114.0733,54,11.56,11.56,1,1.54,1970-01-01 00:00:01.634771713
Mkushi,ZM,-13.6202,29.3939,78,17.1,17.1,100,4.02,1970-01-01 00:00:01.634771713
Timra,SE,62.487,17.3257,100,2.63,3.84,90,2.06,1970-01-01 00:00:01.634771714
Sept-iles,CA,50.2001,-66.3821,88,10.01,10.03,75,1.79,1970-01-01 00:00:01.634771714
Pevek,RU,69.7008,170.3133,92,-7.46,-7.46,100,6.06,1970-01-01 00:00:01.634771715
Juneau,US,58.3019,-134.4197,87,8.24,10,90,7.2,1970-01-01 00:00:01.634771473
Ust-bolsheretsk,,,,,,,,,
Rapid valley,US,44.0625,-103.1463,81,4.55,7.81,20,0.89,1970-01-01 00:00:01.634771716
Wangaratta,AU,-36.3667,146.3333,68,15.69,16.25,99,1.33,1970-01-01 00:00:01.634771716
Leningradskiy,RU,69.3833,178.4167,96,-3.51,-3.51,100,7.06,1970-01-01 00:00:01.634771717
High prairie,CA,55.4334,-116.4858,39,11.61,11.61,3,4.58,1970-01-01 00:00:01.634771717
Apastovo,RU,55.2029,48.5109,80,2.17,2.17,51,2.68,1970-01-01 00:00:01.634771717
Ornskoldsvik,SE,63.2909,18.7153,100,3.53,3.9,90,1.03,1970-01-01 00:00:01.634771718
Barrancabermeja,CO,7.0653,-73.8547,83,26.31,26.31,37,0.62,1970-01-01 00:00:01.634771718
Kuytun,RU,54.3419,101.5036,83,-0.74,-0.74,2,3.16,1970-01-01 00:00:01.634771719
Sayla,IN,22.55,71.4667,71,24.19,24.19,13,4.38,1970-01-01 00:00:01.634771719
North bend,US,43.4065,-124.2243,85,16.21,16.95,75,4.63,1970-01-01 00:00:01.634771471
Huaicheng,CN,23.9051,112.1931,92,16.18,16.18,100,1.78,1970-01-01 00:00:01.634771720
Tynda,RU,55.1667,124.7167,80,-3.89,-3.89,49,1.92,1970-01-01 00:00:01.634771720
Tautira,PF,-17.7333,-149.15,78,27.01,27.01,80,5.47,1970-01-01 00:00:01.634771720
Pavilosta,LV,56.8879,21.1859,89,13.95,13.95,100,12.43,1970-01-01 00:00:01.634771721
Healdsburg,US,38.6105,-122.8692,83,14.87,16.51,90,0.89,1970-01-01 00:00:01.634771721
Neuquen,AR,-38.9516,-68.0591,27,25.94,25.94,20,6.17,1970-01-01 00:00:01.634771722
Tabou,CI,4.423,-7.3528,88,25.13,25.13,42,3.37,1970-01-01 00:00:01.634771722
La ronge,CA,55.1001,-105.2842,47,5.34,5.34,56,3.99,1970-01-01 00:00:01.634771455
Rabo de peixe,PT,37.8,-25.5833,77,16.73,16.73,20,2.06,1970-01-01 00:00:01.634771722
Bara,NG,10.3744,10.7288,79,23.61,23.61,69,4.67,1970-01-01 00:00:01.634771723
Banda aceh,ID,5.5577,95.3222,78,25.84,25.84,99,0.86,1970-01-01 00:00:01.634771723
Atambua,ID,-9.1061,124.8925,69,26.76,26.76,93,0.29,1970-01-01 00:00:01.634771724
Nioro,GM,13.35,-15.75,82,24.83,24.83,25,2.88,1970-01-01 00:00:01.634771724
Pervomayskiy,RU,53.2485,40.2871,81,1.74,1.74,99,9.02,1970-01-01 00:00:01.634771724
Bonthe,SL,7.5264,-12.505,87,25.52,25.52,100,2.85,1970-01-01 00:00:01.634771725
Dzilam gonzalez,MX,21.2833,-88.9333,92,25.24,25.24,76,3.01,1970-01-01 00:00:01.634771725
Shahrud,IR,36.4182,54.9763,70,10.27,10.27,71,5.6,1970-01-01 00:00:01.634771726
Hosangadi,IN,13.7,74.95,94,23.36,23.36,92,1.12,1970-01-01 00:00:01.634771726
Kabare,CD,-2.4683,28.8242,93,16.66,16.66,100,0.32,1970-01-01 00:00:01.634771727
Kachiry,KZ,53.0675,76.1036,49,8.31,8.31,100,3.98,1970-01-01 00:00:01.634771727
Kovernino,RU,57.1253,43.8142,92,-0.27,-0.27,100,6.46,1970-01-01 00:00:01.634771727
Trairi,BR,-3.2778,-39.2689,79,26.67,26.67,96,3.66,1970-01-01 00:00:01.634771575
San pedro,PH,14.35,121.0167,84,26.85,27.28,75,1.54,1970-01-01 00:00:01.634771728
Zykovo,RU,55.9519,93.1461,74,-4.59,-4.59,86,2.06,1970-01-01 00:00:01.634771728
Beringovskiy,RU,63.05,179.3167,74,-7.76,-7.76,42,2.07,1970-01-01 00:00:01.634771729
Siderno,IT,38.2779,16.302,70,16.74,18.8,0,2.95,1970-01-01 00:00:01.634771729
Kuala terengganu,MY,5.3302,103.1408,94,25.97,25.97,40,0,1970-01-01 00:00:01.634771730
Maniwaki,CA,46.3834,-75.966,82,11.96,11.96,100,2.9,1970-01-01 00:00:01.634771691
Klaksvik,FO,62.2266,-6.589,65,5.51,5.51,82,15.66,1970-01-01 00:00:01.634771730
Belmonte,BR,-15.8631,-38.8828,89,26.28,26.28,70,2.19,1970-01-01 00:00:01.634771731
Araguari,BR,-18.6472,-48.1872,65,21.86,21.86,93,2.06,1970-01-01 00:00:01.634771731
Cabatuan,PH,10.8794,122.486,91,25.61,25.61,61,2.73,1970-01-01 00:00:01.634771732
Suntar,RU,62.1444,117.6319,98,1.39,1.39,100,3.67,1970-01-01 00:00:01.634771733
Nantucket,US,41.2835,-70.0995,83,15.33,17.27,1,1.54,1970-01-01 00:00:01.634771733
Novovarshavka,RU,54.1721,74.6946,56,7.17,7.17,89,3.75,1970-01-01 00:00:01.634771734
Abu dhabi,AE,24.4667,54.3667,83,28.01,29.06,6,1.03,1970-01-01 00:00:01.634771466
Boa vista,BR,2.8197,-60.6733,62,29.99,29.99,75,1.54,1970-01-01 00:00:01.634771661
Nieuw amsterdam,SR,5.8833,-55.0833,79,28.7,29.01,20,3.09,1970-01-01 00:00:01.634771735
Sackville,CA,45.9188,-64.3846,85,9.03,10.82,72,1.23,1970-01-01 00:00:01.634771735
Provideniya,RU,64.3833,-173.3,69,-0.94,-0.94,0,0,1970-01-01 00:00:01.634771735
Utica,US,43.1009,-75.2327,68,16.77,18,54,0.45,1970-01-01 00:00:01.634771452
Asau,RO,46.4333,26.4,72,6.51,6.51,12,3.33,1970-01-01 00:00:01.634771736
Popondetta,PG,-8.7537,148.2534,60,30.13,30.13,68,1.16,1970-01-01 00:00:01.634771736
Raudeberg,NO,61.9875,5.1352,96,4.91,5.66,83,1.34,1970-01-01 00:00:01.634771737
Panaba,MX,21.2833,-88.2667,88,25.26,25.26,86,4.75,1970-01-01 00:00:01.634771737
Plered,,,,,,,,,
Tabatinga,BR,-4.2525,-69.9381,88,24,24.05,0,2.06,1970-01-01 00:00:01.634771738
Bairiki,KI,1.3292,172.9752,62,31,31,20,6.17,1970-01-01 00:00:01.634771738
Vitimskiy,,,,,,,,,
Marawi,PH,7.9986,124.2928,90,21.87,21.87,100,0.61,1970-01-01 00:00:01.634771739
Ushtobe,KZ,45.2514,77.9838,28,13.34,13.34,100,1.39,1970-01-01 00:00:01.634771739
Wahran,,,,,,,,,
San jose,US,37.3394,-121.895,71,17.8,20.92,90,0.45,1970-01-01 00:00:01.634771450
Tunggol,PH,5.8446,121.1544,79,27.62,27.62,82,2,1970-01-01 00:00:01.634771740
Marsh harbour,BS,26.5412,-77.0636,61,26.2,26.2,88,7.04,1970-01-01 00:00:01.634771530
Tenabo,MX,20.05,-90.2333,95,25,25,97,2.12,1970-01-01 00:00:01.634771740
Mayo,US,38.8876,-76.5119,70,18.05,21.08,1,0.45,1970-01-01 00:00:01.634771741
Awbari,LY,26.5921,12.7805,40,22.38,22.38,100,3.66,1970-01-01 00:00:01.634771741
Englewood,US,39.6478,-104.9878,29,15.39,18.46,20,1.34,1970-01-01 00:00:01.634771699
Outjo,NA,-20.1167,16.15,41,18.83,18.83,49,1.79,1970-01-01 00:00:01.634771742
Nagornskiy,RU,58.7731,57.5451,95,-3.3,-3.3,10,1.3,1970-01-01 00:00:01.634771742
Puerto leguizamo,CO,-0.1934,-74.7819,99,22.47,22.47,100,1.24,1970-01-01 00:00:01.634771561
Thunder bay,CA,48.4001,-89.3168,66,5.73,6.1,100,3.01,1970-01-01 00:00:01.634771652
Republic,US,37.12,-93.4802,95,18.35,20.62,90,0.45,1970-01-01 00:00:01.634771743
Geraldton,AU,-28.7667,114.6,77,18.23,18.4,75,4.63,1970-01-01 00:00:01.634771743
Vilhena,BR,-12.7406,-60.1458,83,25.12,25.12,0,1.03,1970-01-01 00:00:01.634771743
Golden,US,39.7555,-105.2211,31,14.71,18.02,20,2.24,1970-01-01 00:00:01.634771448
Vuktyl,RU,63.8567,57.3094,89,-1.09,-1.09,96,2.53,1970-01-01 00:00:01.634771744
Agva,,,,,,,,,
Zarakes,,,,,,,,,
Inhambane,MZ,-23.865,35.3833,75,18.81,18.81,0,2.58,1970-01-01 00:00:01.634771745
Hella,NO,67.2,14.4333,92,0.96,1.53,75,13.89,1970-01-01 00:00:01.634771745
Hervey bay,AU,-25.2986,152.8535,69,26.13,26.13,16,4.37,1970-01-01 00:00:01.634771745
Bacuit,,,,,,,,,
Georgiyevka,KZ,43.0369,74.7114,71,10.02,10.02,40,3,1970-01-01 00:00:01.634771746
Dali,CN,25.7,100.1833,94,16.07,16.07,100,1.54,1970-01-01 00:00:01.634771746
Macapa,BR,0.0389,-51.0664,70,30.99,30.99,20,4.63,1970-01-01 00:00:01.634771465
Bambous virieux,MU,-20.3428,57.7575,83,22.14,22.9,40,2.57,1970-01-01 00:00:01.634771747
Prado,BR,-17.3411,-39.2208,91,21.64,21.64,100,6.39,1970-01-01 00:00:01.634771747
Niamey,NE,13.5137,2.1098,45,32.16,32.16,63,2.57,1970-01-01 00:00:01.634771748
Carutapera,BR,-1.195,-46.02,78,26.31,26.31,13,3.19,1970-01-01 00:00:01.634771748
Samarai,PG,-10.6167,150.6667,75,28.19,28.19,79,3.53,1970-01-01 00:00:01.634771749
Zherdevka,RU,51.8486,41.4606,57,3.71,3.71,97,6.55,1970-01-01 00:00:01.634771749
Kloulklubed,PW,7.0419,134.2556,75,27.28,27.28,100,2.36,1970-01-01 00:00:01.634771749
Batagay-alyta,RU,67.8006,130.4114,89,-13.25,-13.25,100,1.87,1970-01-01 00:00:01.634771750
Port augusta,AU,-32.5,137.7667,44,22.06,22.06,22,3.59,1970-01-01 00:00:01.634771750
Qaqortoq,GL,60.7167,-46.0333,38,-1.72,-1.72,0,1.55,1970-01-01 00:00:01.634771751
Olhao,PT,37.0286,-7.8411,78,21.94,21.94,0,3.09,1970-01-01 00:00:01.634771751
Wanning,CN,18.8003,110.3967,91,25.12,25.12,79,0.35,1970-01-01 00:00:01.634771752
Aviles,ES,43.5547,-5.9248,76,16.93,18.18,75,4.02,1970-01-01 00:00:01.634771752
Codrington,AU,-38.2667,141.9667,61,19.1,19.1,51,6.73,1970-01-01 00:00:01.634771752
Turtkul,,,,,,,,,
Kahna nau,PK,31.3692,74.3653,68,23.02,23.02,0,2.57,1970-01-01 00:00:01.634771753
Farah,AF,32.5,62.5,14,18.93,18.93,2,0.51,1970-01-01 00:00:01.634771753
Waverley,ZA,-25.7023,28.2591,45,16.4,16.41,54,1.96,1970-01-01 00:00:01.634771754
Dno,RU,57.8277,29.9637,80,13.61,13.61,100,8.85,1970-01-01 00:00:01.634771754
Burnie,AU,-41.0667,145.9167,82,13.86,13.86,90,5.25,1970-01-01 00:00:01.634771755
Port moresby,PG,-9.4431,147.1797,72,28.36,28.36,95,0.68,1970-01-01 00:00:01.634771755
Srednekolymsk,RU,67.45,153.6833,94,-20.72,-20.72,82,0.9,1970-01-01 00:00:01.634771470
Bilibino,RU,68.0546,166.4372,95,-16.49,-16.49,100,1.16,1970-01-01 00:00:01.634771756
Storsteinnes,NO,69.2408,19.2344,86,-1.61,-1,100,3.66,1970-01-01 00:00:01.634771756
Chernoyerkovskaya,RU,45.4331,37.7686,63,4.28,4.28,27,2.99,1970-01-01 00:00:01.634771756
Eyl,SO,7.9803,49.8164,82,25.47,25.47,67,2.79,1970-01-01 00:00:01.634771757
Port blair,IN,11.6667,92.75,83,26.82,26.82,100,1.89,1970-01-01 00:00:01.634771757
Voh,NC,-20.9667,164.7,92,20.35,20.35,100,1.26,1970-01-01 00:00:01.634771757
Northam,GB,51.0333,-4.2167,76,10.64,12.03,100,11.54,1970-01-01 00:00:01.634771758
Riberalta,BO,-10.9833,-66.1,70,30.11,30.11,40,0,1970-01-01 00:00:01.634771758
Aklavik,CA,68.2191,-135.0107,79,-2.54,-2.54,100,3.74,1970-01-01 00:00:01.634771758
Ponta delgada,PT,37.7333,-25.6667,77,17.4,17.4,20,2.06,1970-01-01 00:00:01.634771759
Agadir,MA,30.4202,-9.5982,39,21.25,21.25,74,0.34,1970-01-01 00:00:01.634771759
Andover,GB,51.2083,-1.4825,90,9.84,11.31,75,9.39,1970-01-01 00:00:01.634771760
Coahuayana,MX,18.7333,-103.6833,77,30.71,30.71,39,2.04,1970-01-01 00:00:01.634771760
Lewiston,US,44.1003,-70.2148,79,10.75,13.19,1,2.57,1970-01-01 00:00:01.634771761
Saleaula,,,,,,,,,
Kungurtug,RU,50.5994,97.5228,73,-5.19,-5.19,51,1.38,1970-01-01 00:00:01.634771761
Moose factory,CA,51.2585,-80.6094,65,2.99,3,90,2.06,1970-01-01 00:00:01.634771762
Hualmay,PE,-11.0964,-77.6139,82,18.55,18.55,68,5.6,1970-01-01 00:00:01.634771763
Matara,LK,5.9485,80.5353,88,24.91,24.91,94,2.32,1970-01-01 00:00:01.634771763
Sijunjung,ID,-0.6876,100.9537,99,21.43,21.43,99,0.43,1970-01-01 00:00:01.634771764
Barbar,,,,,,,,,
Polson,US,47.6936,-114.1632,64,12.11,13.08,80,5.81,1970-01-01 00:00:01.634771764
Omsukchan,RU,62.5333,155.8,92,-19.81,-19.81,35,1.72,1970-01-01 00:00:01.634771765
Kamenka,RU,51.3223,42.7678,65,1.77,1.77,93,5.52,1970-01-01 00:00:01.634771765
Svetlogorsk,BY,52.6333,29.7333,65,11.4,11.4,100,6.78,1970-01-01 00:00:01.634771765
Kaeo,NZ,-35.1,173.7833,97,15.74,15.74,100,3.3,1970-01-01 00:00:01.634771766
San vicente,AR,-26.6167,-54.1333,72,16.26,16.26,60,1.37,1970-01-01 00:00:01.634771767
Drobak,NO,59.6633,10.6298,1,9.1,10.2,85,5.79,1970-01-01 00:00:01.634771767
Khonuu,,,,,,,,,
Mikonos,,,,,,,,,
Solnechnyy,RU,50.7214,136.6319,71,-3.22,-3.22,20,1.61,1970-01-01 00:00:01.634771768
Bhinmal,IN,25,72.25,52,23.56,23.56,0,2.96,1970-01-01 00:00:01.634771768
Katsuura,JP,35.1333,140.3,61,15.96,16.73,100,4.43,1970-01-01 00:00:01.634771769
Yazman,PK,29.1212,71.7446,21,25.46,25.46,0,6.28,1970-01-01 00:00:01.634771769
Port hardy,CA,50.6996,-127.4199,94,12.1,12.1,75,1.54,1970-01-01 00:00:01.634771769
Bonnyville,CA,54.2668,-110.735,29,9.81,9.89,6,6.86,1970-01-01 00:00:01.634771770
Ebensee,AT,47.8072,13.779,73,13.1,14.01,100,2.66,1970-01-01 00:00:01.634771771
Umm ruwabah,,,,,,,,,
Vestmannaeyjar,IS,63.4427,-20.2734,70,4.19,4.19,100,7.2,1970-01-01 00:00:01.634771771
Mocambique,,,,,,,,,
Kaoma,ZM,-14.7833,24.8,65,18.46,18.46,28,2.6,1970-01-01 00:00:01.634771772
Onega,RU,63.9061,38.1404,94,-1,-1,100,8.5,1970-01-01 00:00:01.634771772
Batouri,CM,4.4333,14.3667,99,19.25,19.25,84,1.16,1970-01-01 00:00:01.634771773
Champerico,GT,14.3,-91.9167,83,27.82,29.64,100,2.75,1970-01-01 00:00:01.634771774
Dudinka,RU,69.4058,86.1778,91,-5.86,-5.86,98,6.09,1970-01-01 00:00:01.634771774
Mnogovershinnyy,RU,53.9353,139.9242,82,-6.15,-6.15,38,2.22,1970-01-01 00:00:01.634771774
Provost,CA,52.3501,-110.2683,28,9.25,10.68,1,7.12,1970-01-01 00:00:01.634771775
Kedrovyy,RU,56.1667,91.8167,75,-5.77,-5.77,80,2.13,1970-01-01 00:00:01.634771775
Porto velho,BR,-8.7619,-63.9039,89,26.03,26.03,40,1.03,1970-01-01 00:00:01.634771776
Rosehearty,GB,57.697,-2.1132,69,3.26,4.31,95,12.55,1970-01-01 00:00:01.634771776
Mandalgovi,MN,45.7625,106.2708,55,-2,-2,0,1.89,1970-01-01 00:00:01.634771776
Lagoa,PT,39.05,-27.9833,62,20.33,20.33,43,1.49,1970-01-01 00:00:01.634771777
Hami,CN,42.8,93.45,19,13.51,13.51,100,3.59,1970-01-01 00:00:01.634771777
Flinders,AU,-34.5833,150.8552,74,20.38,21.21,39,0.89,1970-01-01 00:00:01.634771778
Yumen,CN,40.2833,97.2,30,3.16,3.16,41,3.33,1970-01-01 00:00:01.634771778
Sao filipe,CV,14.8961,-24.4956,59,27.92,27.92,0,4.54,1970-01-01 00:00:01.634771778
Caravelas,BR,-17.7125,-39.2481,88,21.62,21.62,100,7.02,1970-01-01 00:00:01.634771779
Tessalit,ML,20.1986,1.0114,22,24.3,24.3,0,4.28,1970-01-01 00:00:01.634771779
Svetlyy,RU,54.675,20.1347,69,16.03,16.03,100,9.73,1970-01-01 00:00:01.634771780
Sai buri,TH,6.7013,101.6168,89,24.28,24.28,98,2.76,1970-01-01 00:00:01.634771780
Khani,GE,41.9563,42.9566,89,4.76,4.76,42,1.56,1970-01-01 00:00:01.634771523
Moissala,TD,8.3404,17.7663,90,22,22,100,1.3,1970-01-01 00:00:01.634771781
Yulara,AU,-25.2406,130.9889,36,24.91,24.91,0,6.69,1970-01-01 00:00:01.634771781
Atar,MR,20.5169,-13.0499,16,28.3,28.3,3,4.55,1970-01-01 00:00:01.634771782
Wulanhaote,,,,,,,,,
Fare,PF,-16.7,-151.0167,80,25.95,25.95,7,3.71,1970-01-01 00:00:01.634771782
Capreol,CA,46.706,-80.9225,90,7.91,9.19,90,4.12,1970-01-01 00:00:01.634771782
Abu kamal,SY,34.4506,40.9171,37,20,20,0,3.22,1970-01-01 00:00:01.634771783
Anadyr,RU,64.75,177.4833,93,-5.72,-5.72,90,5,1970-01-01 00:00:01.634771784
Siuna,NI,13.7332,-84.7773,94,24.93,24.93,83,1.14,1970-01-01 00:00:01.634771784
Beloha,MG,-25.1667,45.05,88,20.27,20.27,99,2.79,1970-01-01 00:00:01.634771784
Marcona,,,,,,,,,
Mount barker,AU,-35.0667,138.8667,84,15.97,17.22,78,3.77,1970-01-01 00:00:01.634771785
Collierville,US,35.042,-89.6645,71,22.81,24.06,1,2.57,1970-01-01 00:00:01.634771785
Tafresh,IR,34.692,50.013,55,8.5,8.5,6,1.4,1970-01-01 00:00:01.634771786
Yanam,IN,16.7333,82.2167,96,24.33,24.33,53,0.9,1970-01-01 00:00:01.634771786
Varhaug,NO,58.6147,5.6457,89,6.62,7.75,100,10.76,1970-01-01 00:00:01.634771786
Ulladulla,AU,-35.35,150.4667,80,17.64,19.37,52,2.34,1970-01-01 00:00:01.634771787
Olinda,BR,-8.0089,-34.8553,74,27.85,27.85,20,3.6,1970-01-01 00:00:01.634771787
Tahlequah,US,35.9154,-94.97,88,20.06,22.25,90,0,1970-01-01 00:00:01.634771693
Kutum,SD,14.2,24.6667,21,24.89,24.89,89,5.88,1970-01-01 00:00:01.634771788
Bubaque,GW,11.2833,-15.8333,78,28.08,28.08,100,5.71,1970-01-01 00:00:01.634771788
Puerto del rosario,ES,28.5004,-13.8627,83,21.86,21.86,68,7.2,1970-01-01 00:00:01.634771789
Egvekinot,RU,66.3167,-179.1667,87,-5.33,-5.33,100,2.84,1970-01-01 00:00:01.634771789
Padre paraiso,BR,-17.0742,-41.4844,98,19.61,19.61,80,3.04,1970-01-01 00:00:01.634771790
Dwarka,IN,22.2394,68.9678,57,26.16,26.16,0,3.67,1970-01-01 00:00:01.634771790
Chernolesskoye,RU,44.7156,43.7133,49,4.21,4.21,1,1.44,1970-01-01 00:00:01.634771790
Bongandanga,CD,1.5,21.05,99,20.71,20.71,100,1.02,1970-01-01 00:00:01.634771791
Mattru,SL,7.6244,-11.8332,97,23.34,23.34,100,0.84,1970-01-01 00:00:01.634771791
Bayeux,BR,-7.125,-34.9322,83,27.35,27.35,40,3.6,1970-01-01 00:00:01.634771792
Nortelandia,BR,-14.4547,-56.8028,70,26.38,26.38,82,2.1,1970-01-01 00:00:01.634771792
Ito,JP,34.9667,139.0833,77,14.51,15.43,91,4.32,1970-01-01 00:00:01.634771792
Challans,FR,46.8436,-1.8749,79,13.29,13.51,53,12.33,1970-01-01 00:00:01.634771793
Meulaboh,ID,4.1363,96.1285,90,23.79,23.79,100,2.87,1970-01-01 00:00:01.634771793
